fecha,coef_fed,ic_inferior,ic_superior
2011-01-20,2.8745265217904037,2.215045402198688,3.5340076413821193
2011-01-27,2.6084499125452982,1.933700446862292,3.2831993782283044
2011-02-03,2.2099632105608653,1.5148247611119312,2.9051016600097994
2011-02-10,1.5357643325614885,0.8639947858740811,2.2075338792488957
2011-02-17,0.7369115839383481,0.13241576177890846,1.3414074060977876
2011-02-25,0.14576176065091292,-0.4108103428304266,0.7023338641322525
2011-03-04,-0.7353622799666624,-1.3400763618232885,-0.13064819811003636
2011-03-11,-1.8737311798765433,-2.520312865009635,-1.2271494947434516
2011-03-18,-2.6124199716891674,-3.286155723798084,-1.9386842195802507
2011-03-25,-3.32645272044928,-4.0075872757443305,-2.6453181651542295
2011-04-01,-4.3643002672271685,-5.051900624896986,-3.6766999095573505
2011-04-08,-4.8627082109249615,-5.483253573955687,-4.242162847894236
2011-04-15,-5.227095302903616,-5.805836987611732,-4.6483536181955
2011-04-26,-6.139356223569521,-6.714731623358956,-5.563980823780087
2011-05-04,-6.306863819734852,-6.85903534260495,-5.7546922968647545
2011-05-11,-6.351380230174457,-6.881769561844282,-5.820990898504633
2011-05-18,-6.498269320044812,-7.018679788370292,-5.977858851719331
2011-05-25,-6.556561839964189,-7.0701252644182615,-6.042998415510117
2011-06-02,-6.517919265525725,-7.016821667699741,-6.019016863351709
2011-06-09,-6.313608159361296,-6.811175331580223,-5.816040987142369
2011-06-16,-5.9996233818244225,-6.515412495126165,-5.4838342685226795
2011-06-23,-5.72736055256379,-6.273027783452444,-5.181693321675136
2011-07-01,-5.411701773451405,-5.978743169408412,-4.844660377494398
2011-07-11,-4.900951887970939,-5.4903906447071416,-4.311513131234736
2011-07-18,-4.243989590376138,-4.833341322164688,-3.6546378585875887
2011-07-25,-3.811404265041132,-4.35610951392032,-3.266699016161945
2011-08-03,-3.6035317648812746,-4.142598436140816,-3.064465093621733
2011-08-10,-3.4371860468793294,-3.9899486862535496,-2.884423407505109
2011-08-17,-3.175200065989353,-3.737882478988041,-2.6125176529906646
2011-08-24,-2.913118261193061,-3.5056893521201262,-2.3205471702659954
2011-09-02,-2.567933959133082,-3.1880344869312403,-1.9478334313349235
2011-09-12,-2.438277847034436,-3.1132853870933057,-1.7632703069755666
2011-09-19,-2.431632124180805,-3.1558893142100892,-1.707374934151521
2011-09-26,-2.6411119440199364,-3.3788879385398447,-1.903335949500028
2011-10-03,-2.8560280274877172,-3.599728903069093,-2.1123271519063413
2011-10-11,-3.1244438660384497,-3.899015783323012,-2.3498719487538873
2011-10-18,-3.165164640785105,-3.9737492479418686,-2.356580033628341
2011-10-25,-3.1893114078211653,-4.025018793652071,-2.3536040219902596
2011-11-03,-3.2195109109363975,-4.045562511454911,-2.3934593104178847
2011-11-10,-3.3697622012988906,-4.200892911743638,-2.5386314908541423
2011-11-18,-3.4727678221279366,-4.294080945475001,-2.6514546987808725
2011-11-28,-3.6067672338676546,-4.412430838830102,-2.8011036289052074
2011-12-05,-3.9268346590601246,-4.735544351770345,-3.1181249663499044
2011-12-13,-4.436628196924485,-5.248868364439677,-3.6243880294092934
2011-12-20,-5.089198118310473,-5.916224367218533,-4.2621718694024135
2011-12-29,-5.377505653218737,-6.210086678049595,-4.5449246283878795
2012-01-09,-5.3311641267843735,-6.190635485474694,-4.471692768094053
2012-01-17,-5.042475394799078,-5.962479719012598,-4.122471070585559
2012-01-24,-4.78917248264476,-5.753260921951712,-3.825084043337808
2012-01-31,-4.534765300994177,-5.52081445416094,-3.5487161478274145
2012-02-07,-4.108574275623611,-5.120370084860035,-3.096778466387187
2012-02-14,-3.4715164667023712,-4.524336154068115,-2.418696779336628
2012-02-22,-2.6955000007757075,-3.7800660971113134,-1.6109339044401016
2012-02-29,-2.1162385865859608,-3.2113727346190997,-1.0211044385528218
2012-03-07,-1.4614245932856074,-2.5012314177662702,-0.4216177688049445
2012-03-14,-0.6031056119009307,-1.5666870533698152,0.36047582956795376
2012-03-21,0.1372750051313583,-0.7933447977730909,1.0678948080358075
2012-03-28,0.46363554848179,-0.4435227929286706,1.3707938898922505
2012-04-04,0.9156368556359425,0.04735799112133576,1.7839157201505493
2012-04-13,1.5740483277032318,0.7559633542871443,2.392133301119319
2012-04-20,1.9156362755010432,1.121131042352748,2.7101415086493383
2012-04-27,1.8773667341750404,1.0928650880192856,2.6618683803307954
2012-05-08,1.5614813162432122,0.811513899202994,2.3114487332834304
2012-05-15,1.4815700599136403,0.7249918592823082,2.2381482605449725
2012-05-22,1.1376892117943131,0.37593106667225296,1.8994473569163732
2012-05-30,1.1908668713231612,0.44451765650134845,1.9372160861449739
2012-06-06,1.0819448223611368,0.3773351689278963,1.7865544757943772
2012-06-13,0.856900998601425,0.17053847458578442,1.5432635226170657
2012-06-20,0.5349060026235408,-0.12315677150808635,1.192968776755168
2012-06-27,0.1497590928078246,-0.5126857277786616,0.8122039133943109
2012-07-06,0.06661079568381646,-0.6191092975060782,0.7523308888737111
2012-07-13,-0.06050487777942331,-0.7901421955676577,0.6691324400088112
2012-07-20,-0.1483952698179644,-0.8685880210298144,0.5717974813938856
2012-07-31,-0.9238801106624429,-1.7461385674830865,-0.10162165384179944
2012-08-07,-1.3628343464705874,-2.2293751175769128,-0.4962935753642622
2012-08-14,-1.1504257309803794,-1.9748554946177852,-0.32599596734297354
2012-08-21,-1.1474156660777959,-1.9597720710583557,-0.33505926109723594
2012-08-28,-1.3163197123213735,-2.0857198859827375,-0.5469195386600093
2012-09-07,-1.3011192633646413,-2.0404029347951083,-0.5618355919341745
2012-09-14,-1.156496268852413,-1.8693728162950756,-0.44361972140975037
2012-09-21,-1.0353392934479033,-1.7668644253590031,-0.3038141615368034
2012-09-28,-0.8577989212915222,-1.5857677002584671,-0.12983014232457735
2012-10-10,-0.9506642120247882,-1.6606642455793614,-0.24066417847021504
2012-10-17,-0.943184761980242,-1.6534277456267144,-0.23294177833376983
2012-10-24,-0.8993721814398723,-1.6145547019956052,-0.18418966088413946
2012-11-05,-0.936740910853706,-1.6584480986250567,-0.21503372308235535
2012-11-13,-0.9414841143785452,-1.6582894783581068,-0.22467875039898344
2012-11-20,-0.9509910801481519,-1.683267348602877,-0.21871481169342666
2012-11-28,-1.0089491974751552,-1.7649404618467617,-0.25295793310354875
2012-12-05,-0.8266349315983512,-1.6396553987652207,-0.013614464431481621
2012-12-12,-0.6701523046808894,-1.5578658597003505,0.21756125033857188
2012-12-19,-0.704824056540304,-1.6637293300140077,0.2540812169333996
2013-01-02,-0.8713352259794561,-1.8796578147443617,0.13698736278544954
2013-01-09,-0.8079032610431457,-1.8763504498858596,0.26054392779956814
2013-01-16,-0.478819423647718,-1.6611477831557266,0.7035089358602905
2013-01-24,-0.2494844946349499,-1.5252738338423242,1.0263048445724243
2013-01-31,-0.06572271242714044,-1.4662827538242753,1.3348373289699944
2013-02-07,0.19688896018902963,-1.348826982396236,1.7426049027742951
2013-02-15,0.12388864349389381,-1.5238158113585725,1.77159309834636
2013-02-25,0.019511667688344416,-1.7914659888487117,1.8304893242254006
2013-03-04,0.5953190104917632,-1.3696090570230648,2.560247078006591
2013-03-11,1.1594686733979869,-0.8889336206989278,3.2078709674949017
2013-03-18,1.371471897462037,-0.7803454888258863,3.5232892837499605
2013-03-25,1.0341600602698535,-1.3312373491334228,3.39955746967313
2013-04-03,1.598477067301262,-0.9300290650442207,4.1269831996467445
2013-04-10,1.7175210109294612,-0.9196602535928535,4.354702275451776
2013-04-17,1.6668724030566544,-1.0086859218312574,4.342430727944566
2013-04-24,2.0029827184035005,-0.7524109574935807,4.758376394300582
2013-05-02,2.5860066540786573,-0.10138177429020034,5.273395082447514
2013-05-09,2.195952882552263,-0.33397789374758124,4.725883658852107
2013-05-16,2.644583733663448,0.3720509833295673,4.917116483997329
2013-05-23,4.467888856954006,2.510437553120412,6.4253401607875995
2013-05-31,4.463734533261945,2.7028710921848327,6.2245979743390585
2013-06-07,3.7635071628907975,2.0734416387486565,5.453572687032938
2013-06-14,3.50139843135327,1.720240059718613,5.282556802987927
2013-06-21,3.6178969395693574,1.6730177756281355,5.562776103510579
2013-07-01,3.858061680642509,1.9308325799717705,5.785290781313248
2013-07-09,4.166632086861271,2.2262235332728713,6.107040640449671
2013-07-16,4.45185139619377,2.472530239498748,6.431172552888792
2013-07-23,4.88368023474811,2.7976085180042487,6.969751951491971
2013-08-01,5.329397722552783,3.1481126094632566,7.51068283564231
2013-08-08,5.147784885092092,2.8497957052816023,7.445774064902581
2013-08-15,4.785414852512036,2.411601919099171,7.159227785924902
2013-08-22,5.106106898634496,2.7388207999788063,7.473392997290186
2013-08-29,5.814291704531322,3.7556403270476864,7.872943082014958
2013-09-09,5.4603422643264725,3.481443174930306,7.43924135372264
2013-09-16,5.250566967227131,3.2940751711120435,7.20705876334222
2013-09-23,5.232226191551814,3.2849808119389947,7.179471571164633
2013-09-30,5.078426222777258,3.16400501521058,6.992847430343937
2013-10-07,4.69880495954992,2.864396112377135,6.533213806722706
2013-10-16,4.576927298676601,2.7921001143990667,6.361754482954136
2013-10-23,4.294200729890361,2.5395941358556904,6.048807323925031
2013-10-30,4.796592849541226,3.111996060596627,6.481189638485826
2013-11-07,4.048239829492847,2.433573548027159,5.662906110958536
2013-11-15,3.8458295091800476,2.2601914631048037,5.431467555255292
2013-11-22,3.3078398877983184,1.7267627039423246,4.888917071654312
2013-12-02,2.681237656832083,1.1306300555109932,4.2318452581531725
2013-12-09,2.3519842682151784,0.8547151088829881,3.8492534275473687
2013-12-16,1.8834703717760233,0.42086727264832424,3.3460734709037223
2013-12-23,1.5066535506331509,0.10086831259246276,2.912438788673839
2014-01-02,1.134026270599447,-0.2375176452223451,2.505570186421239
2014-01-09,0.7072386155489585,-0.6515461360461865,2.0660233671441035
2014-01-16,0.11652551155798511,-1.2574080108949945,1.4904590340109647
2014-01-24,-0.49263372424866736,-1.8767627198327654,0.8914952713354307
2014-01-31,-0.9211675028597842,-2.4068989408987203,0.5645639351791517
2014-02-07,-2.5734089856782187,-4.334196831896824,-0.8126211394596137
2014-02-14,-4.5673912254890405,-6.595183512826953,-2.5395989381511286
2014-02-24,-6.0781235303685595,-8.431438481956967,-3.724808578780153
2014-03-03,-7.308077407763816,-9.800010011364014,-4.816144804163619
2014-03-10,-8.033556575654885,-10.739970526009092,-5.327142625300677
2014-03-17,-8.509687937476345,-11.423128604422388,-5.596247270530302
2014-03-24,-8.203144202013856,-11.243365007402586,-5.162923396625127
2014-03-31,-8.011501933306523,-11.185538295398743,-4.837465571214302
2014-04-07,-7.722733098506339,-11.14855479255244,-4.2969114044602374
2014-04-14,-7.988949693608367,-11.605858210073626,-4.3720411771431085
2014-04-23,-7.502638446379971,-11.239496635844013,-3.765780256915929
2014-04-30,-7.57631819442695,-11.478893772311313,-3.673742616542586
2014-05-08,-8.330415814413016,-12.499015166553125,-4.161816462272907
2014-05-15,-8.709483859770568,-12.954998659753567,-4.463969059787569
2014-05-22,-10.3738973283816,-14.880497957622138,-5.867296699141063
2014-05-30,-10.16602264808376,-14.731727205855304,-5.600318090312219
2014-06-06,-10.12439526058579,-14.616290105485668,-5.632500415685911
2014-06-13,-13.023659967222798,-17.369141901958674,-8.678178032486922
2014-06-20,-14.58277130211132,-18.822409901563233,-10.343132702659407
2014-06-27,-15.339104421457401,-19.53951568015132,-11.13869316276348
2014-07-07,-16.32975240367721,-20.608097610936163,-12.05140719641826
2014-07-14,-17.284578262613973,-21.716071933496,-12.853084591731946
2014-07-21,-18.301587175708885,-22.94666811869282,-13.65650623272495
2014-07-30,-17.917309620105236,-22.737272152011357,-13.097347088199113
2014-08-06,-17.696636103223454,-22.53380573502114,-12.859466471425767
2014-08-13,-17.66674744787619,-22.46852376788424,-12.864971127868142
2014-08-20,-17.430215875467248,-22.184022855447445,-12.676408895487052
2014-08-27,-17.302856461091572,-22.017300826241136,-12.588412095942008
2014-09-04,-16.44716324352305,-21.184251247889076,-11.710075239157025
2014-09-11,-16.37145485505259,-21.170769713689698,-11.572139996415483
2014-09-18,-17.302755321956216,-22.15509757628648,-12.45041306762595
2014-09-25,-17.608288800387864,-22.50124152916159,-12.715336071614137
2014-10-02,-16.92840306430261,-21.760876854975983,-12.095929273629238
2014-10-10,-16.759476954622812,-21.476474939423312,-12.042478969822312
2014-10-20,-17.853652973680255,-22.52028951521101,-13.187016432149498
2014-10-27,-17.98718342999797,-22.66511124247059,-13.309255617525348
2014-11-03,-17.38495865749213,-22.222240267258204,-12.547677047726058
2014-11-10,-17.521953110671326,-22.18144767133971,-12.862458550002943
2014-11-18,-17.533385081044614,-22.027746475094766,-13.03902368699446
2014-11-25,-16.538512063554464,-20.90057603315676,-12.176448093952168
2014-12-03,-13.305432905214666,-17.320801442541736,-9.290064367887593
2014-12-11,-9.825694152621214,-13.532218878755872,-6.119169426486556
2014-12-18,-7.2183834601445485,-10.63159206439895,-3.8051748558901477
2014-12-26,-3.6402743261991173,-6.9419288695582,-0.33861978284003413
2015-01-06,-1.9075582763781593,-5.01297235818643,1.1978558054301116
2015-01-13,-0.2596731371391228,-3.2842552743095643,2.7649090000313183
2015-01-21,0.894614575981573,-1.9302249413572432,3.719454093320389
2015-01-28,0.879981950828626,-1.7205054167381308,3.4804693183953828
2015-02-04,0.18777313686278663,-2.0613275081894624,2.436873781915036
2015-02-11,-0.25646938139406283,-2.277304054207838,1.7643652914197123
2015-02-19,-0.37038976931412937,-2.3404357704984586,1.5996562318702
2015-02-26,-0.7366089345641229,-2.8406731907673555,1.3674553216391097
2015-03-05,-1.099012623434717,-3.2180011067230723,1.0199758598536384
2015-03-12,-0.43831676602932446,-2.5077389968501786,1.63110546479153
2015-03-19,-0.3084889570234249,-2.4168904616138516,1.7999125475670017
2015-03-26,-0.081597740446975,-2.229823919020464,2.0666284381265134
2015-04-02,-0.0673796988634868,-2.167385608444563,2.032626210717589
2015-04-09,0.8587949924958451,-1.236518784540543,2.9541087695322332
2015-04-16,1.9408291378010674,-0.09452381311551328,3.976182088717648
2015-04-23,2.8258785029558657,0.8736926594782473,4.778064346433484
2015-04-30,2.499611663413693,0.6530974998181769,4.346125827009209
2015-05-08,3.1436860606730015,1.3363511848654739,4.951020936480529
2015-05-15,3.9545987649582073,2.2290460287900755,5.680151501126339
2015-05-22,4.915746334979244,3.209314893494203,6.622177776464285
2015-06-01,4.6776375784030675,2.930968349137106,6.424306807669029
2015-06-08,5.611383987731037,3.8353534899773507,7.387414485484724
2015-06-15,6.511534503448548,4.685711668629041,8.337357338268054
2015-06-22,7.429583882428946,5.585064537428576,9.274103227429315
2015-06-30,7.465613343765832,5.5114098262504285,9.419816861281236
2015-07-08,8.955361034366504,6.835587826643254,11.075134242089755
2015-07-15,10.119120210717158,7.894146288374232,12.344094133060084
2015-07-22,10.614189592805158,8.379716405964093,12.848662779646222
2015-08-03,10.017520279356551,7.790245502600894,12.24479505611221
2015-08-10,10.196199136435233,7.98629627518543,12.406101997685035
2015-08-17,10.32354092492251,8.140437823662358,12.506644026182661
2015-08-24,10.40209334794769,8.227695892674252,12.576490803221127
2015-08-31,9.25046923076922,7.089624799855146,11.411313661683293
2015-09-08,9.065269264639392,6.851169597343356,11.279368931935428
2015-09-15,9.0529051658731845,6.766206736845638,11.33960359490073
2015-09-22,9.06947976610778,6.734741852255299,11.40421767996026
2015-09-29,8.590894565850279,6.2776533768252945,10.904135754875263
2015-10-06,7.6077287862136815,5.338615316373305,9.876842256054058
2015-10-14,7.4437668597135485,5.033339280993344,9.854194438433753
2015-10-21,7.212474047252919,4.701228755809879,9.72371933869596
2015-10-28,6.6914500610892915,4.139585900717364,9.243314221461219
2015-11-04,6.1614359436177635,3.6758067024146865,8.64706518482084
2015-11-12,5.940079110925599,3.394670100366446,8.485488121484753
2015-11-19,5.324499791431905,2.6252928126948953,8.023706770168914
2015-11-27,4.636357097182916,1.7570922098103887,7.515621984555444
2015-12-04,3.3129767503168477,0.3834971415924411,6.242456359041254
2015-12-14,1.1898814504052904,-1.8329343570832346,4.212697257893815
2015-12-21,-1.7052306600360403,-3.0955822963237574,-0.3148790237483232
2015-12-29,-2.309222593536991,-3.1492954773293174,-1.469149709744665
2016-01-06,-2.0303910351922547,-2.710956467920807,-1.3498256024637025
2016-01-13,-1.9374033233873296,-2.529405514770669,-1.3454011320039903
2016-01-21,-1.7650410823833294,-2.305131541656335,-1.2249506231103235
2016-01-28,-1.640864216468988,-2.1326941466727276,-1.1490342862652483
2016-02-04,-1.5723167911454865,-2.031913202778193,-1.1127203795127796
2016-02-11,-1.4883337932578633,-1.9335886932932969,-1.0430788932224297
2016-02-19,-1.2198952324847054,-1.6908412607214238,-0.748949204247987
2016-02-26,-0.9241933512148139,-1.4083042750093393,-0.4400824274202886
2016-03-04,-0.5176229264905027,-1.0285289629916585,-0.006716889989346719
2016-03-11,-0.021523617562341668,-0.542610213981135,0.4995629788564516
2016-03-18,0.36210715221602097,-0.14186253545824967,0.8660768398902916
2016-03-29,0.535644130806724,0.05677562551730031,1.0145126360961476
2016-04-05,0.4167551517494623,-0.04491185434422096,0.8784221578431456
2016-04-12,0.3451935676874511,-0.1080432739896679,0.79843040936457
2016-04-19,0.24308130072927062,-0.1910272929755171,0.6771898944340583
2016-04-26,0.11795398125359584,-0.28638611689571425,0.522294079402906
2016-05-03,-0.1824822128292183,-0.5609254002822541,0.19596097462381748
2016-05-10,-0.37523344040944717,-0.7453054891220581,-0.0051613916968362705
2016-05-17,-0.4739467833363813,-0.8483648808144075,-0.09952868585835506
2016-05-24,-0.5505635995432684,-0.9285060221330159,-0.1726211769535208
2016-06-01,-0.5878308115615234,-0.9637068347593785,-0.21195478836366827
2016-06-08,-0.6239659678775595,-1.0094888735689926,-0.23844306218612638
2016-06-15,-0.5842536974018588,-0.9839712315652575,-0.18453616323846023
2016-06-22,-0.5436797048294018,-0.9509051328675144,-0.13645427679128913
2016-06-29,-0.4556418188053419,-0.8693660109718551,-0.04191762663882864
2016-07-07,-0.3490718845935092,-0.7637994704189692,0.0656557012319508
2016-07-14,-0.35124730722801506,-0.7669839798975939,0.06448936544156386
2016-07-21,-0.369627115510163,-0.7856894697622363,0.04643523874191041
2016-07-28,-0.38097818848034853,-0.7997220786202349,0.037765701659537854
2016-08-04,-0.357631019644057,-0.7755989167560133,0.06033687746789923
2016-08-11,-0.35981740943914187,-0.777763942340774,0.05812912346249022
2016-08-18,-0.3712724950232798,-0.7875828721628405,0.0450378821162809
2016-08-25,-0.3945785101242716,-0.811493298475398,0.0223362782268548
2016-09-01,-0.5015121116761512,-0.9242175204550054,-0.07880670289729691
2016-09-09,-0.4414014789585132,-0.8728111279417297,-0.00999182997529674
2016-09-16,-0.35370706654685813,-0.7841140847048504,0.07669995161113419
2016-09-23,-0.24600538084158993,-0.67209788556666,0.1800871238834801
2016-09-30,-0.21289391311289455,-0.648686447646006,0.22289862142021696
2016-10-07,-0.16884546431800584,-0.6333778626308355,0.2956869339948238
2016-10-17,0.10232547141458148,-0.3799951729028772,0.5846461157320402
2016-10-24,0.48976136800095516,-0.03185624746214877,1.0113789834640592
2016-10-31,0.8268495449193413,0.23779725656536976,1.4159018332733129
2016-11-07,1.1467793755246747,0.4828755571336121,1.8106831939157373
2016-11-15,1.727683690651569,1.0095150459773237,2.445852335325814
2016-11-22,2.1384256011345997,1.3433085318441873,2.933542670425012
2016-11-30,2.230999536090659,1.3750323333405983,3.08696673884072
2016-12-07,2.3078655437561713,1.3591037963233048,3.2566272911890377
2016-12-15,1.869985458760964,0.7814849888816671,2.9584859286402607
2016-12-22,0.5178168833088723,-0.5210093192753094,1.556643085893054
2016-12-30,0.31482938655518206,-0.5941568339295331,1.2238156070398973
2017-01-09,0.37696075711299426,-0.4313249823555495,1.185246496581538
2017-01-17,0.40424219062440014,-0.33971658395315896,1.1482009652019594
2017-01-24,0.33475469618119796,-0.3800896051623051,1.049598997524701
2017-01-31,0.22902417864439273,-0.4774604109270659,0.9355087682158514
2017-02-07,0.032583834191718834,-0.6642876619375646,0.7294553303210023
2017-02-14,0.008878460044125451,-0.6946015804866127,0.7123585005748635
2017-02-22,0.08054938861998269,-0.5928482808278005,0.753947058067766
2017-03-01,0.043589815931371595,-0.5830868421105186,0.6702664739732618
2017-03-08,-0.18559996476361382,-0.7497413022330683,0.37854137270584065
2017-03-15,-0.5773484927367707,-1.0930451002896655,-0.061651885183875876
2017-03-22,-0.8786606635550488,-1.3439568821426826,-0.41336444496741503
2017-03-29,-1.1002335048320642,-1.5095470474715431,-0.6909199621925852
2017-04-05,-1.230108381938148,-1.596853477131644,-0.8633632867446519
2017-04-12,-1.2459799155716191,-1.5326992275321492,-0.9592606036110891
2017-04-21,-1.131106628098354,-1.387827580827418,-0.8743856753692898
2017-04-28,-1.1348290376797014,-1.3820818782807152,-0.8875761970786877
2017-05-08,-1.2532962415763245,-1.49885804509196,-1.007734438060689
2017-05-15,-1.273258987310377,-1.5130731218851756,-1.0334448527355784
2017-05-22,-1.3058249750833593,-1.538762568210643,-1.0728873819560756
2017-05-30,-1.2627482290948648,-1.4856936277024633,-1.0398028304872664
2017-06-06,-1.3229965436664515,-1.5395373927558829,-1.10645569457702
2017-06-13,-1.285868403694692,-1.4903464714939358,-1.081390335895448
2017-06-20,-1.2105865767411343,-1.4070438424018876,-1.014129311080381
2017-06-27,-1.1787896071413664,-1.370584864228527,-0.9869943500542058
2017-07-07,-1.1741469104392133,-1.3673059688616769,-0.9809878520167497
2017-07-14,-1.1861046765583647,-1.3784317792858796,-0.9937775738308497
2017-07-21,-1.1804354497023397,-1.3722841489957838,-0.9885867504088957
2017-08-01,-1.2079367089113595,-1.4027596144371428,-1.0131138033855762
2017-08-08,-1.248433688746589,-1.447575327368833,-1.049292050124345
2017-08-15,-1.2743785648253616,-1.4764275549503114,-1.0723295747004118
2017-08-22,-1.3228482151031185,-1.520096983489405,-1.125599446716832
2017-08-29,-1.3533438231658577,-1.5469667394475184,-1.159720906884197
2017-09-06,-1.3637238304880084,-1.552775400806734,-1.1746722601692827
2017-09-13,-1.3588983310245073,-1.5502392567222711,-1.1675574053267435
2017-09-20,-1.4415830153559064,-1.633201018722258,-1.2499650119895547
2017-09-27,-1.6055213757487312,-1.7969382682621544,-1.414104483235308
2017-10-04,-1.7263557344289229,-1.9181518455850095,-1.5345596232728362
2017-10-12,-1.8722642990058138,-2.0610251827595953,-1.683503415252032
2017-10-19,-1.9306153896967373,-2.100549724419251,-1.7606810549742238
2017-10-26,-1.9738576721707504,-2.1330297742029147,-1.814685570138586
2017-11-03,-1.9556201874114463,-2.104045951301631,-1.8071944235212618
2017-11-10,-1.9073721921052027,-2.0430555971565294,-1.7716887870538762
2017-11-17,-1.8295241534646143,-1.955788396861719,-1.7032599100675097
2017-11-27,-1.8138720974880005,-1.936179514657254,-1.691564680318747
2017-12-04,-1.7362481690174503,-1.8519351799804353,-1.6205611580544652
2017-12-12,-1.69659191705595,-1.8065809463912808,-1.5866028877206193
2017-12-19,-1.5796397752541909,-1.685461482892828,-1.4738180676155537
2017-12-27,-1.5121761619873886,-1.612113420299116,-1.412238903675661
2018-01-05,-1.490495948172885,-1.586135280992524,-1.394856615353246
2018-01-12,-1.4985587592636236,-1.5940058918510815,-1.4031116266761656
2018-01-22,-1.5582544835764323,-1.6580291766136677,-1.4584797905391969
2018-01-29,-1.6057354166902609,-1.7069193969600747,-1.504551436420447
2018-02-05,-1.6501401918319443,-1.7552278531751915,-1.545052530488697
2018-02-12,-1.7068454911582145,-1.8123325516205058,-1.6013584306959232
2018-02-20,-1.7478657653323761,-1.8493137566600695,-1.6464177740046828
2018-02-27,-1.7443788932147506,-1.8446180242715713,-1.64413976215793
2018-03-06,-1.742776046645802,-1.8425368171733543,-1.6430152761182497
2018-03-13,-1.7303537843192034,-1.8304370271462773,-1.6302705414921295
2018-03-20,-1.6689728930690881,-1.7727952416416064,-1.5651505444965699
2018-03-27,-1.5418079381994534,-1.6538680289668921,-1.4297478474320147
2018-04-05,-1.3846583185346646,-1.4999429088317822,-1.269373728237547
2018-04-12,-1.2573384453208916,-1.3770961105860846,-1.1375807800556985
2018-04-20,-1.1420647769135448,-1.2782632474595454,-1.0058663063675441
2018-04-27,-1.058393868949266,-1.214814669336619,-0.901973068561913
2018-05-07,-0.9844195215152717,-1.1518067809508388,-0.8170322620797046
2018-05-14,-0.8921866349830968,-1.074334776288595,-0.7100384936775985
2018-05-21,-0.8749298890115584,-1.0846018142983183,-0.6652579637247985
2018-05-29,-0.7064922956836437,-0.9460334077961967,-0.46695118357109067
2018-06-05,-0.5446764163876512,-0.8036367500379207,-0.28571608273738164
2018-06-12,-0.41228746787779447,-0.6855283526409148,-0.1390465831146741
2018-06-19,-0.20051347354289367,-0.4801507570946374,0.07912381000885005
2018-06-26,0.0049180688409331255,-0.26383050369530753,0.2736666413771737
2018-07-05,0.05728952592444676,-0.19561913531108588,0.3101981871599794
2018-07-12,0.12032936559291754,-0.11804767596020585,0.35870640714604096
2018-07-19,0.23120152730942384,0.006991197849178066,0.4554118567696696
2018-07-26,0.44111973244322256,0.2290473283725725,0.6531921365138726
2018-08-03,0.5776747190470978,0.37462260311535034,0.7807268349788452
2018-08-10,0.6402367758712182,0.4487807349373365,0.8316928168050999
2018-08-17,0.6675527733703484,0.47966631698924783,0.8554392297514488
2018-08-24,0.6602677094674806,0.47887985299420444,0.8416555659407567
2018-09-05,0.686205856116984,0.5088256468142542,0.8635860654197138
2018-09-12,0.7163673314306764,0.5401777871344087,0.8925568757269442
2018-09-19,0.776278021840623,0.5980964035716904,0.9544596401095556
2018-09-26,0.8478208979912538,0.6606054374293187,1.035036358553189
2018-10-03,0.9235809355958109,0.7319144097892735,1.1152474614023484
2018-10-11,0.9210763625321207,0.7195884425065472,1.1225642825576942
2018-10-18,0.9540278628415618,0.7466588729243384,1.1613968527587852
2018-10-25,0.9969700036056376,0.7834499400112543,1.2104900672000207
2018-11-05,1.0097165750895496,0.7900006600735754,1.2294324901055238
2018-11-13,1.0712357199229348,0.8468169071399996,1.29565453270587
2018-11-20,1.2210230820488863,0.9968301002780574,1.4452160638197153
2018-11-28,1.2732661127674083,1.0494975367911037,1.497034688743713
2018-12-06,1.3047922798775886,1.0852972010606232,1.524287358694554
2018-12-13,1.3026879191924043,1.094605294019117,1.5107705443656916
2018-12-20,1.2816088169469801,1.0836820694680638,1.4795355644258965
2018-12-31,1.2610604118566964,1.0704822307912036,1.451638592922189
2019-01-08,1.2371083758669683,1.0536746223735725,1.4205421293603642
2019-01-15,1.2867296909180101,1.1216736385808235,1.4517857432551968
2019-01-23,1.2627727394457409,1.1132014102893326,1.4123440686021491
2019-01-30,1.240485075109792,1.1022151669224611,1.3787549832971229
2019-02-06,1.2289518432026096,1.0949677900774726,1.3629358963277467
2019-02-13,1.2251425441174586,1.0928814449422046,1.3574036432927126
2019-02-21,1.2250502071692255,1.0939485747479165,1.3561518395905345
2019-02-28,1.257237866053466,1.1227358482970904,1.3917398838098416
2019-03-07,1.304879043550612,1.1574324396594877,1.452325647441736
2019-03-14,1.32344540153507,1.1698492395721174,1.4770415634980227
2019-03-21,1.3252979332794161,1.1667872779126625,1.4838085886461698
2019-03-28,1.2993993569290574,1.1327215586359531,1.4660771552221616
2019-04-04,1.2832900007239436,1.1123210003142352,1.454259001133652
2019-04-11,1.1807612300031523,1.0086033761646078,1.3529190838416967
2019-04-22,0.995161891559789,0.8288299780173628,1.1614938051022152
2019-04-29,0.8126019432334983,0.6509854102129338,0.9742184762540629
2019-05-07,0.7357806581024318,0.5768263836075069,0.8947349325973566
2019-05-14,0.6058928867693413,0.44561048183120044,0.7661752917074821
2019-05-21,0.471884987904248,0.31573183608392275,0.6280381397245732
2019-05-29,0.36098366253315806,0.2056527446802329,0.5163145803860832
2019-06-05,0.18726252740276442,0.037200027473184266,0.3373250273323446
2019-06-12,0.2534783923521844,0.09471929670217882,0.41223748800218996
2019-06-19,0.4488394391805711,0.28421566044345525,0.613463217917687
2019-06-26,0.6893923936800707,0.5210858594816304,0.8576989278785109
2019-07-03,0.8197736901368919,0.6439186417554191,0.9956287385183648
2019-07-11,0.982904024644233,0.7984464525594864,1.1673615967289797
2019-07-18,1.1963400851732693,0.9857489105728379,1.4069312597737007
2019-07-25,1.3342549702420492,1.081078655184639,1.5874312852994594
2019-08-05,1.3081127530426395,1.0461550780773239,1.5700704280079552
2019-08-12,1.309404877954679,1.0462221384635415,1.5725876174458164
2019-08-19,1.2285487228284102,0.9636726047171777,1.4934248409396427
2019-08-26,1.190451622810611,0.9251560695541079,1.4557471760671141
2019-09-05,1.1875146751519607,0.9199348814065818,1.4550944688973397
2019-09-12,1.187508089842402,0.9146509558512291,1.4603652238335747
2019-09-19,1.1443858191564908,0.8640774043858219,1.4246942339271598
2019-09-26,1.1591174643482745,0.8718349419138405,1.4463999867827084
2019-10-03,1.114294054858408,0.8337250410175601,1.3948630686992558
2019-10-11,1.148703817392333,0.871763074375217,1.4256445604094488
2019-10-21,1.294197171622008,1.023177777516195,1.565216565727821
2019-10-28,1.2846419364319825,1.0194383378347274,1.5498455350292377
2019-11-06,1.1351306625873328,0.8727797892996977,1.397481535874968
2019-11-14,0.8905709724628257,0.635795400199336,1.1453465447263154
2019-11-21,0.8035697875018827,0.5497654748085152,1.0573741001952501
2019-11-29,0.7503868819158352,0.49494518989538244,1.005828573936288
2019-12-06,0.6566861587992541,0.4057071166720446,0.9076652009264635
2019-12-13,0.5306004004946151,0.2938583210791206,0.7673424799101096
2019-12-20,0.3228111655089005,0.09595988362176613,0.5496624473960349
2019-12-30,0.14057444544349415,-0.10165389773812655,0.38280278862511485
2020-01-07,-0.04241842282586934,-0.29739224781092194,0.21255540215918328
2020-01-14,-0.15046990548388622,-0.41640229746986873,0.11546248650209628
2020-01-22,-0.2137023187957687,-0.4931941875279997,0.06578954993646233
2020-01-29,-0.25508866650486917,-0.5445101040537152,0.03433277104397686
2020-02-05,-0.28787971645794397,-0.585123945614845,0.009364512698957106
2020-02-12,-0.30480606258163423,-0.607161426375901,-0.002450698787367478
2020-02-20,-0.2830127049062055,-0.5893397314017945,0.023314321589383513
2020-02-27,-0.3228821892259904,-0.6352477604656892,-0.01051661798629161
2020-03-05,-0.6058219695779492,-0.8950895742739369,-0.31655436488196154
2020-03-12,-0.7039813476748521,-0.9866295857411642,-0.42133310960854004
2020-03-19,-0.8665275721424777,-1.1469105720995334,-0.5861445721854219
2020-03-26,-0.8187319500353587,-1.1276941243964096,-0.5097697756743078
2020-04-02,-0.7554477319076275,-1.0789027266040025,-0.4319927372112525
2020-04-13,-0.670305432576532,-1.0147317577710744,-0.3258791073819896
2020-04-20,-0.7136444555979848,-1.095783280190311,-0.3315056310056588
2020-04-27,-0.8287754468799595,-1.223074415240183,-0.4344764785197362
2020-05-05,-0.8851493333010785,-1.2878890560789302,-0.48240961052322673
2020-05-12,-0.7109790228694712,-1.1184356461369873,-0.30352239960195526
2020-05-19,-0.5963291377756541,-1.011063023051111,-0.18159525250019715
2020-05-27,-0.557679656359792,-0.9594225926439349,-0.15593672007564907
2020-06-03,-0.585229780409479,-0.9664690009167951,-0.20399055990216292
2020-06-10,-0.6466842417708649,-0.9877571054034944,-0.3056113781382355
2020-06-17,-0.6558330612752529,-0.9909840278063957,-0.3206820947441101
2020-06-24,-0.6407313415706146,-0.971030754996884,-0.3104319281443452
2020-07-02,-0.6514240435726831,-0.9825077567606912,-0.3203403303846751
2020-07-10,-0.6658000560841083,-1.0080895771498977,-0.323510535018319
2020-07-17,-0.6052880153270545,-0.9616979667478185,-0.24887806390629036
2020-07-24,-0.5726215242374668,-0.9343199068132821,-0.2109231416616515
2020-08-03,-0.5413627686260385,-0.9300245005897607,-0.15270103666231621
2020-08-10,-0.6859952549731011,-1.1129503646672965,-0.25904014527890573
2020-08-17,-0.7922399494971489,-1.24179215216296,-0.34268774683133785
2020-08-24,-0.77854274412123,-1.2316428870474132,-0.325442601195047
2020-08-31,-0.7429854964206589,-1.1913707892964807,-0.2946002035448372
2020-09-08,-0.7522468056845214,-1.1990440682172365,-0.30544954315180634
2020-09-15,-0.8109147633505465,-1.2622328776799367,-0.35959664902115607
2020-09-22,-0.8223208351069694,-1.2728694894289818,-0.371772180784957
2020-09-29,-0.8120527727745082,-1.2620010102129697,-0.36210453533604664
2020-10-06,-0.8265752852370919,-1.27796706589357,-0.3751835045806138
2020-10-14,-0.7958486360141889,-1.2454910767486598,-0.3462061952797179
2020-10-21,-0.8070214905401853,-1.240078609404863,-0.3739643716755078
2020-10-28,-0.7678964258649444,-1.1744979788203427,-0.3612948729095461
2020-11-04,-0.681247654692873,-1.0560900944906384,-0.3064052148951076
2020-11-12,-0.5134991616667248,-0.8648775924740058,-0.1621207308594439
2020-11-19,-0.46779153156449116,-0.8004512818259835,-0.1351317813029989
2020-11-27,-0.33997167917868576,-0.6636716676687845,-0.016271690688587026
2020-12-04,-0.07322226791316747,-0.3819012061963801,0.23545667037004522
2020-12-14,0.22947428299479505,-0.06670710915037686,0.525655675139967
2020-12-21,0.4789787996296933,0.19802100034700493,0.7599365989123816
2020-12-29,0.6537868299189763,0.3874711372922337,0.9201025225457189
2021-01-06,0.7434948390471894,0.48781186487923844,0.9991778132151403
2021-01-13,0.7933839169594699,0.5650193584670943,1.0217484754518456
2021-01-21,0.8215812570832987,0.6107596089530761,1.0324029052135213
2021-01-28,0.792519136055459,0.5887540950310287,0.9962841770798893
2021-02-04,0.7719855968740289,0.5750684318329239,0.9689027619151339
2021-02-11,0.7682936156829316,0.5761283992369263,0.960458832128937
2021-02-19,0.7414908753077353,0.5464555994071751,0.9365261512082954
2021-02-26,0.7733031694301995,0.542906605674512,1.003699733185887
2021-03-05,1.3335810711697549,0.95464086719639,1.7125212751431198
2021-03-12,2.4827455261789093,1.9141199144863492,3.0513711378714694
2021-03-19,3.292276501342672,2.6263529068028784,3.9582000958824657
2021-03-26,6.042829964451523,4.5829622749007175,7.502697654002329
2021-04-06,6.009911173059361,3.0237829675241854,8.996039378594537
2021-04-13,12.235759105886775,8.429565567915168,16.04195264385838
2021-04-20,11.324437102468908,7.750049509999167,14.898824694938648
2021-04-27,13.639777813885388,9.93448499237392,17.34507063539686
2021-05-04,12.842123296939995,8.889910419567308,16.794336174312683
2021-05-11,12.175364111755474,8.199432247961788,16.15129597554916
2021-05-18,11.323940797404955,7.311221872692291,15.33665972211762
2021-05-25,8.426859091223907,4.492275262179168,12.361442920268646
2021-06-02,4.747781996895558,0.6080839562438172,8.887480037547299
2021-06-09,-0.8885861035675346,-5.8940015476777194,4.116829340542651
2021-06-16,-5.60142618483151,-11.164177214063587,-0.03867515559943335
2021-06-23,2.1751354488666155,-2.0576247049216767,6.407895602654907
2021-07-01,3.076312486861832,-0.65917737868544,6.811802352409104
2021-07-09,5.939413270584887,2.1583415880227266,9.720484953147047
2021-07-19,7.726076791530346,3.929545617665363,11.522607965395329
2021-07-26,8.751214271919375,5.097854638947732,12.404573904891018
2021-08-04,10.846452687512608,7.211880333909998,14.481025041115217
2021-08-11,12.951980008474393,9.224551036537841,16.679408980410948
2021-08-18,13.469157608797747,9.717925089300401,17.220390128295094
2021-08-25,12.884265241522774,8.907071062443162,16.861459420602387
2021-09-02,11.161326454699248,7.144127881031043,15.178525028367453
2021-09-10,9.742986749475453,5.523311463357136,13.96266203559377
2021-09-17,8.572757498529915,4.1880070083713825,12.957507988688448
2021-09-24,8.54557946838358,4.2049951550582625,12.886163781708898
2021-10-01,9.678214951219008,5.412170696630061,13.944259205807956
2021-10-12,10.40949748927915,5.957455833363513,14.861539145194788
2021-10-19,11.917520151926352,7.166516400530272,16.66852390332243
2021-10-26,12.24386411640312,7.419456392972744,17.068271839833496
2021-11-03,14.442602058408893,9.450491582055506,19.43471253476228
2021-11-10,15.318828435170191,10.255882915184907,20.381773955155474
2021-11-18,15.737173274502858,10.576613980913525,20.89773256809219
2021-11-26,16.973770336341286,11.612324352039495,22.335216320643077
2021-12-03,18.743101689657827,13.365700633568864,24.12050274574679
2021-12-13,19.297816057681292,13.836109977646906,24.759522137715678
2021-12-20,18.16583864294137,12.697634288144883,23.634042997737858
2021-12-28,17.48518608484973,12.143404694718784,22.826967474980677
2022-01-04,16.595165433543205,11.400006927617003,21.790323939469406
2022-01-11,15.957473654210975,10.786278628053022,21.12866868036893
2022-01-19,15.354216051366771,10.226314336003824,20.48211776672972
2022-01-26,15.365033115097495,10.220590569842564,20.509475660352425
2022-02-02,16.333987768785992,11.172366353295818,21.495609184276166
2022-02-09,15.944467703301497,10.702229215696374,21.18670619090662
2022-02-16,15.125283162565552,9.666026724139524,20.58453960099158
2022-02-24,14.007633326467568,8.444397423883544,19.570869229051592
2022-03-03,12.622442237952676,7.388770299485711,17.85611417641964
2022-03-10,9.398292716250879,4.444852342221687,14.35173309028007
2022-03-17,3.868324500369415,1.6353061228071044,6.101342877931726
2022-03-24,3.256750974737004,2.1612209393995796,4.352281010074428
2022-03-31,3.510017934963784,2.594237502852822,4.425798367074746
2022-04-07,3.7641161935397327,2.8902956956405976,4.637936691438868
2022-04-18,4.324365116133594,3.4405655251860146,5.208164707081173
2022-04-25,4.644749187209605,3.7113868262285297,5.578111548190681
2022-05-02,4.8286956115347754,3.8958235669324766,5.761567656137075
2022-05-09,3.5444372562763125,2.880403624932855,4.20847088761977
2022-05-16,2.8775549155935156,2.3123436158125825,3.4427662153744487
2022-05-23,2.475945094008699,1.9469943364073101,3.0048958516100877
2022-05-31,2.0586789417990072,1.5653503544312488,2.5520075291667657
2022-06-07,1.8462647046525615,1.3729253546329088,2.3196040546722143
2022-06-14,1.5434876890244442,1.0842013349960204,2.002774043052868
2022-06-22,0.44732634923433084,0.05652951132760775,0.8381231871410539
2022-06-30,-0.06471578033225779,-0.4028048550076523,0.27337329434313673
2022-07-08,-0.24686336031015343,-0.5476504634836918,0.05392374286338497
2022-07-15,-0.2165649583990576,-0.496798754454992,0.06366883765687681
2022-07-22,-0.13739638302516816,-0.4000707498910492,0.12527798384071287
2022-08-02,-0.037095876018867734,-0.263678455307308,0.1894867032695725
2022-08-09,-0.011892327712085584,-0.19737631738968459,0.1735916619655134
2022-08-16,-0.016871519269669514,-0.1780355038328182,0.14429246529347917
2022-08-23,-0.04685490793181399,-0.20191321273724938,0.1082033968736214
2022-08-31,-0.052916982996136355,-0.20393133831357607,0.09809737232130337
2022-09-08,-0.0517074414235833,-0.19342209846088876,0.09000721561372216
2022-09-15,-0.05429834258639151,-0.19360114546989407,0.08500446029711103
2022-09-22,-0.04993367038421731,-0.18920260765201205,0.08933526688357743
2022-09-29,0.005165653091389319,-0.13603931996715646,0.14637062614993512
2022-10-07,0.04024572556587904,-0.10053697401534817,0.18102842514710626
2022-10-17,0.1445613229852373,-0.002255995160309221,0.2913786411307838
2022-10-24,0.29521387897444096,0.14047367315148465,0.4499540847973973
2022-10-31,0.32148806185340273,0.16033768227453044,0.482638441432275
2022-11-08,0.3313273554052865,0.1599020176850675,0.5027526931255055
2022-11-16,0.32947374332101476,0.15366480001064564,0.5052826866313839
2022-11-23,0.319735237388054,0.14288744702236947,0.4965830277537385
2022-12-01,0.3038075876713469,0.12538109757518318,0.48223407776751065
2022-12-13,0.30359271932203763,0.12388744089866827,0.483297997745407
2022-12-20,0.30460148099997575,0.1205062660963667,0.4886966959035848
2022-12-28,0.29999772541985015,0.11548707200917768,0.4845083788305226
2023-01-05,0.307057742177425,0.12211277127018266,0.4920027130846673
2023-01-12,0.32280930932844215,0.13699180657063922,0.508626812086245
2023-01-20,0.3499464068026861,0.16167796865132666,0.5382148449540456
2023-02-01,0.3952028837494996,0.19777093717928865,0.5926348303197105
2023-02-08,0.4252805049806352,0.21663197496921563,0.6339290349920548
2023-02-17,0.455881590273138,0.2333963488590268,0.6783668316872492
2023-02-27,0.46317553785236537,0.2283399202339856,0.6980111554707451
2023-03-06,0.4065260656491203,0.15992296599734956,0.653129165300891
2023-03-13,0.2895267448772113,0.05123361571834742,0.5278198740360752
2023-03-20,0.20539202153742742,-0.01295946575705098,0.4237435088319058
2023-03-27,0.18939457469258383,-8.2346927556326e-4,0.3796126186607309
2023-04-03,0.25337722292737375,0.07860181241171224,0.4281526334430352
2023-04-12,0.2945810191073506,0.13248534233155254,0.45667669588314863
2023-04-25,0.32114418412880985,0.17589756688930253,0.4663908013683172
2023-05-03,0.3504022154101195,0.2196520733526086,0.4811523574676304
2023-05-10,0.4644082279420722,0.3490870955712152,0.5797293603129292
2023-05-17,0.480933760023983,0.37858633738869785,0.5832811826592682
2023-05-24,0.46864348033636777,0.36760162435319355,0.569685336319542
2023-06-01,0.46076570642065695,0.35250998243961706,0.5690214304016968
2023-06-08,0.4536964484582028,0.3422196043744077,0.5651732925419979
2023-06-15,0.5014447857905718,0.38164416113039096,0.6212454104507528
2023-06-23,0.4446137907128552,0.3098698857195131,0.5793576957061972
2023-07-03,0.32145533716937646,0.17358993954524446,0.46932073479350844
2023-07-13,0.30943636775933814,0.1390312778974701,0.47984145762120617
2023-07-20,0.315051252151863,0.11659590452758364,0.5135065997761424
2023-07-27,0.2604294159516614,0.03730392601004981,0.483554905893273
2023-08-04,0.20819897896151696,-0.031011823679475636,0.44740978160250955
2023-08-11,0.14352027563798248,-0.08768911185587733,0.3747296631318423
2023-08-18,0.18511758242337556,-0.04591211063630696,0.4161472754830581
2023-08-25,0.20813814678496825,-0.015742911168872442,0.43201920473880895
2023-09-05,0.22330354657690768,0.0054809582600538476,0.4411261348937615
2023-09-12,0.24348876984871065,0.028674636500323564,0.45830290319709777
2023-09-19,0.2718208192251754,0.058419664093126517,0.48522197435722436
2023-09-26,0.18281271048715314,-0.024861972812836336,0.3904873937871426
2023-10-03,0.029601373845092507,-0.1814114210551901,0.2406141687453751
2023-10-11,-0.15384645583249165,-0.37700499923012043,0.0693120875651371
2023-10-18,-0.2917634595120115,-0.5688138098146414,-0.01471310920938157
2023-10-25,-0.5566296068951492,-0.8533681903603416,-0.25989102342995674
2023-11-02,-0.663364179866433,-0.9662541648541889,-0.3604741948786771
2023-11-09,-0.6576899909250074,-0.9587817452406016,-0.3565982366094131
2023-11-16,-0.5990885872848941,-0.8978385195144418,-0.30033865505534635
2023-11-24,-0.3644687759027624,-0.6559744330778433,-0.07296311872768146
2023-12-01,-0.47562382478090365,-0.7264144208114653,-0.2248332287503419
2023-12-11,-0.5720772368097627,-0.7974262095334431,-0.34672826408608237
2023-12-18,-0.7316278911218689,-0.9311036968596267,-0.5321520853841111
2023-12-26,-0.8373368125586188,-1.0306998573932966,-0.6439737677239409
2024-01-04,-0.9444480377168338,-1.129563761465181,-0.7593323139684867
2024-01-11,-1.1582117925771827,-1.3341957640634514,-0.9822278210909139
2024-01-19,-1.2529033502996514,-1.43368170125814,-1.0721249993411628
2024-01-26,-1.1795689349513117,-1.3711941931245009,-0.9879436767781224
2024-02-02,-1.2207195140315634,-1.4294018050180106,-1.0120372230451162
2024-02-09,-1.270588069975428,-1.4685679579615307,-1.0726081819893252
2024-02-16,-1.2863623891837037,-1.4833476273662574,-1.08937715100115
2024-02-26,-1.316505149610204,-1.5167411635331767,-1.1162691356872314
2024-03-04,-1.3327194636119597,-1.5352884642565297,-1.1301504629673897
2024-03-11,-1.3534505108352963,-1.5644397454861347,-1.142461276184458
2024-03-18,-1.4075742403268166,-1.632829213660732,-1.182319266992901
2024-03-25,-1.425768814248737,-1.6639177287128457,-1.1876198997846283
2024-04-03,-1.4512704896497421,-1.7335535289304174,-1.168987450369067
2024-04-10,-1.6719411880978665,-1.9918944818466984,-1.3519878943490347
2024-04-17,-2.2263219183939538,-2.5809935946192675,-1.87165024216864
2024-04-24,-2.387379561927659,-2.746410558470991,-2.0283485653843276
2024-05-02,-2.4025150617870543,-2.766718016440781,-2.0383121071333274
2024-05-09,-2.419001065865543,-2.8086336905967606,-2.0293684411343254
2024-05-16,-2.5252864160281874,-2.9740770509086865,-2.0764957811476883
2024-05-23,-2.4934965316785513,-2.973903930728186,-2.0130891326289166
2024-05-31,-2.387272014708559,-2.8689077597682746,-1.9056362696488436
2024-06-10,-2.1834822806730427,-2.6605319794502806,-1.7064325818958046
2024-06-17,-2.00777390315456,-2.486399627224205,-1.5291481790849146
2024-06-25,-1.7460768058505405,-2.21380568209079,-1.2783479296102913
2024-07-02,-1.4468097180800845,-1.904139261723307,-0.989480174436862
2024-07-10,-1.2314524329938912,-1.6877966810529181,-0.7751081849348642
2024-07-17,-0.9441384347171343,-1.4053454788013715,-0.4829313906328971
2024-07-25,-1.0975930539975136,-1.582774675707229,-0.6124114322877983
2024-08-05,-1.2298534781943034,-1.817672557567436,-0.6420343988211707
2024-08-19,-1.0190295123774258,-2.1998042080774383,0.16174518332258692
2024-08-26,NA,NA,NA
2024-09-04,NA,NA,NA
2024-09-11,NA,NA,NA
2024-09-18,NA,NA,NA
2024-09-25,0.43421573486044385,0.17552194633242796,0.6929095233884597
2024-10-02,0.47405252300409695,0.28341130382512225,0.6646937421830716
2024-10-10,0.5056592084308251,0.34914414620566087,0.6621742706559894
2024-10-18,0.602447073423517,0.4678185334131054,0.7370756134339286
2024-10-25,0.6129035790981248,0.4928214350505091,0.7329857231457404
2024-11-04,0.5973614241378816,0.4869938708740852,0.7077289774016781
2024-11-12,0.6200688873942464,0.5229169346256044,0.7172208401628883
2024-11-19,0.651137401508387,0.5644460354778902,0.7378287675388837
2024-11-26,0.6923096481892574,0.6122325585470832,0.7723867378314316
2024-12-04,0.7092428793544789,0.6312370901257264,0.7872486685832315
2024-12-11,0.7089357608658796,0.6317455668424953,0.786125954889264
2024-12-18,0.7210437175297351,0.646411592178528,0.7956758428809422
2024-12-27,0.7038335675345253,0.63505148897582,0.7726156460932306
2025-01-07,0.6996588438105523,0.6352557094402437,0.764061978180861
2025-01-14,0.70108667676715,0.6399988158401279,0.7621745376941721
2025-01-22,0.6957436149104322,0.6344686232534413,0.7570186065674231
2025-01-29,0.6767503649902719,0.6156714509452831,0.7378292790352606
2025-02-05,0.659250474286159,0.5980362374409487,0.7204647111313693
2025-02-12,0.6674085285255013,0.6053420333565297,0.7294750236944728
2025-02-20,0.6755225094683377,0.6137553020148945,0.7372897169217809
2025-02-27,0.678848276087893,0.6178220184239938,0.7398745337517922
2025-03-06,0.6877132984723943,0.6259799726615163,0.7494466242832722
2025-03-13,0.6991858021963311,0.6391200045880294,0.7592515998046327
2025-03-20,0.7187757461522902,0.663248734200678,0.7743027581039025
2025-03-27,0.7293128710513603,0.6745712270405071,0.7840545150622136
2025-04-03,0.7295643943331096,0.6688664606445618,0.7902623280216574
2025-04-10,0.7056509069058967,0.642965033598234,0.7683367802135594
2025-04-21,0.6927131225681797,0.6308965385742644,0.7545297065620951
2025-04-28,0.6434160563967941,0.5880101441781904,0.6988219686153978
2025-05-06,0.6178533425752133,0.5657297858531428,0.6699768992972838
2025-05-13,0.6186520536577955,0.5697560132063113,0.6675480941092797
2025-05-20,0.6205622308279836,0.5766145812015043,0.6645098804544628
2025-05-28,0.6174893590858497,0.5760047831300898,0.6589739350416095
2025-06-04,0.61959004766666,0.5788281565220819,0.6603519388112382
2025-06-11,0.6082891106102032,0.5675249270307049,0.6490532941897015
2025-06-18,0.6116685287536733,0.5703023520003272,0.6530347055070194
2025-06-26,0.637278689760722,0.5947875183882099,0.6797698611332341
2025-07-03,0.6743945550612667,0.6293950637830277,0.7193940463395057
2025-07-11,0.7108506428694839,0.6626974100397663,0.7590038756992014
2025-07-18,0.6983374897308072,0.6475263875126736,0.7491485919489409
2025-07-30,0.6727572338144864,0.618810423336102,0.7267040442928707
2025-08-06,0.6804170839451702,0.6222792179461679,0.7385549499441725
2025-08-13,0.6913371819137887,0.6286369256465292,0.7540374381810482
2025-08-20,0.6927642192020581,0.6253445111294558,0.7601839272746604
2025-08-27,0.6687351513433815,0.5980775150984879,0.739392787588275
2025-09-04,0.672981590970198,0.6023807846597841,0.743582397280612
2025-09-11,0.6647516514653393,0.5907818935658392,0.7387214093648394
2025-09-18,0.6288999514631737,0.5456398877809043,0.712160015145443
2025-09-25,0.5937690450143628,0.5041226679382685,0.683415422090457
2025-10-02,0.5840028173360873,0.4921909834104431,0.6758146512617315
2025-10-10,0.5751277684275199,0.4805472511541786,0.6697082857008612
2025-10-20,0.5525114967882557,0.4568318339410264,0.6481911596354851
2025-10-27,0.5447456499778053,0.445430598857943,0.6440607010976676
2025-11-03,0.563252449340753,0.46017169474403224,0.6663332039374738
2025-11-10,0.5543284886860288,0.44727788339020863,0.661379093981849
2025-11-18,0.4867379069269719,0.37489381332608385,0.5985820005278599
2025-11-25,0.40811557105630997,0.28948937049370793,0.526741771618912
2025-12-03,0.39032304721140043,0.26695989128342834,0.5136862031393725
2025-12-12,0.3988666384554995,0.2711637650893377,0.5265695118216613
2025-12-19,0.4890633849615198,0.354844317258612,0.6232824526644276
2025-12-30,0.5361124174816013,0.3918765095567153,0.6803483254064873
